date,has_solexs,has_hel1os,hel1os_n_obs,hel1os_seconds,hel1os_day_fraction,time_spans,status
2024-02-01,True,False,0,0,0.0,,MISSING
2024-02-02,True,False,0,0,0.0,,MISSING
2024-02-03,True,False,0,0,0.0,,MISSING
2024-02-04,True,False,0,0,0.0,,MISSING
2024-02-05,True,False,0,0,0.0,,MISSING
2024-02-06,True,False,0,0,0.0,,MISSING
2024-02-07,True,False,0,0,0.0,,MISSING
2024-02-08,True,False,0,0,0.0,,MISSING
2024-02-09,True,False,0,0,0.0,,MISSING
2024-02-10,True,False,0,0,0.0,,MISSING
2024-02-11,True,False,0,0,0.0,,MISSING
2024-02-12,True,False,0,0,0.0,,MISSING
2024-02-13,True,False,0,0,0.0,,MISSING
2024-02-14,True,False,0,0,0.0,,MISSING
2024-02-15,True,False,0,0,0.0,,MISSING
2024-02-16,True,False,0,0,0.0,,MISSING
2024-02-17,True,False,0,0,0.0,,MISSING
2024-02-18,True,False,0,0,0.0,,MISSING
2024-02-19,True,False,0,0,0.0,,MISSING
2024-02-20,True,False,0,0,0.0,,MISSING
2024-02-21,True,False,0,0,0.0,,MISSING
2024-02-22,True,False,0,0,0.0,,MISSING
2024-02-23,True,False,0,0,0.0,,MISSING
2024-02-24,True,False,0,0,0.0,,MISSING
2024-02-25,True,False,0,0,0.0,,MISSING
2024-02-26,True,False,0,0,0.0,,MISSING
2024-02-27,True,False,0,0,0.0,,MISSING
2024-02-28,True,False,0,0,0.0,,MISSING
2024-02-29,True,False,0,0,0.0,,MISSING
2024-03-01,True,False,0,0,0.0,,MISSING
2024-03-02,True,False,0,0,0.0,,MISSING
2024-03-03,True,False,0,0,0.0,,MISSING
2024-03-04,True,False,0,0,0.0,,MISSING
2024-03-05,True,False,0,0,0.0,,MISSING
2024-03-06,True,False,0,0,0.0,,MISSING
2024-03-07,True,False,0,0,0.0,,MISSING
2024-03-08,True,False,0,0,0.0,,MISSING
2024-03-09,True,False,0,0,0.0,,MISSING
2024-03-10,True,False,0,0,0.0,,MISSING
2024-03-11,True,False,0,0,0.0,,MISSING
2024-03-12,True,False,0,0,0.0,,MISSING
2024-03-13,True,False,0,0,0.0,,MISSING
2024-03-14,True,False,0,0,0.0,,MISSING
2024-03-15,True,False,0,0,0.0,,MISSING
2024-03-16,True,False,0,0,0.0,,MISSING
2024-03-17,True,False,0,0,0.0,,MISSING
2024-03-18,True,False,0,0,0.0,,MISSING
2024-03-19,True,False,0,0,0.0,,MISSING
2024-03-20,True,False,0,0,0.0,,MISSING
2024-03-21,True,False,0,0,0.0,,MISSING
2024-03-22,True,False,0,0,0.0,,MISSING
2024-03-23,True,False,0,0,0.0,,MISSING
2024-03-24,True,False,0,0,0.0,,MISSING
2024-03-25,True,False,0,0,0.0,,MISSING
2024-03-26,True,False,0,0,0.0,,MISSING
2024-03-27,False,False,0,0,0.0,,NEITHER
2024-03-28,False,False,0,0,0.0,,NEITHER
2024-03-29,True,False,0,0,0.0,,MISSING
2024-03-30,False,False,0,0,0.0,,NEITHER
2024-03-31,True,False,0,0,0.0,,MISSING
2024-04-01,True,False,0,0,0.0,,MISSING
2024-04-02,True,False,0,0,0.0,,MISSING
2024-04-03,True,False,0,0,0.0,,MISSING
2024-04-04,True,False,0,0,0.0,,MISSING
2024-04-05,True,False,0,0,0.0,,MISSING
2024-04-06,True,False,0,0,0.0,,MISSING
2024-04-07,True,False,0,0,0.0,,MISSING
2024-04-08,True,False,0,0,0.0,,MISSING
2024-04-09,True,False,0,0,0.0,,MISSING
2024-04-10,True,False,0,0,0.0,,MISSING
2024-04-11,True,False,0,0,0.0,,MISSING
2024-04-12,True,False,0,0,0.0,,MISSING
2024-04-13,True,False,0,0,0.0,,MISSING
2024-04-14,True,False,0,0,0.0,,MISSING
2024-04-15,True,False,0,0,0.0,,MISSING
2024-04-16,True,False,0,0,0.0,,MISSING
2024-04-17,True,False,0,0,0.0,,MISSING
2024-04-18,True,False,0,0,0.0,,MISSING
2024-04-19,True,False,0,0,0.0,,MISSING
2024-04-20,True,False,0,0,0.0,,MISSING
2024-04-21,True,False,0,0,0.0,,MISSING
2024-04-22,True,False,0,0,0.0,,MISSING
2024-04-23,True,False,0,0,0.0,,MISSING
2024-04-24,True,False,0,0,0.0,,MISSING
2024-04-25,True,False,0,0,0.0,,MISSING
2024-04-26,True,False,0,0,0.0,,MISSING
2024-04-27,True,False,0,0,0.0,,MISSING
2024-04-28,True,False,0,0,0.0,,MISSING
2024-04-29,True,False,0,0,0.0,,MISSING
2024-04-30,True,False,0,0,0.0,,MISSING
2024-05-01,True,False,0,0,0.0,,MISSING
2024-05-02,True,False,0,0,0.0,,MISSING
2024-05-03,True,False,0,0,0.0,,MISSING
2024-05-04,True,False,0,0,0.0,,MISSING
2024-05-05,True,False,0,0,0.0,,MISSING
2024-05-06,True,False,0,0,0.0,,MISSING
2024-05-07,True,False,0,0,0.0,,MISSING
2024-05-08,True,False,0,0,0.0,,MISSING
2024-05-09,True,False,0,0,0.0,,MISSING
2024-05-10,True,False,0,0,0.0,,MISSING
2024-05-11,True,False,0,0,0.0,,MISSING
2024-05-12,True,False,0,0,0.0,,MISSING
2024-05-13,True,False,0,0,0.0,,MISSING
2024-05-14,True,False,0,0,0.0,,MISSING
2024-05-15,True,False,0,0,0.0,,MISSING
2024-05-16,True,False,0,0,0.0,,MISSING
2024-05-17,True,False,0,0,0.0,,MISSING
2024-05-18,True,False,0,0,0.0,,MISSING
2024-05-19,True,False,0,0,0.0,,MISSING
2024-05-20,True,False,0,0,0.0,,MISSING
2024-05-21,True,False,0,0,0.0,,MISSING
2024-05-22,True,False,0,0,0.0,,MISSING
2024-05-23,True,False,0,0,0.0,,MISSING
2024-05-24,True,False,0,0,0.0,,MISSING
2024-05-25,True,False,0,0,0.0,,MISSING
2024-05-26,True,False,0,0,0.0,,MISSING
2024-05-27,True,False,0,0,0.0,,MISSING
2024-05-28,True,False,0,0,0.0,,MISSING
2024-05-29,True,False,0,0,0.0,,MISSING
2024-05-30,True,False,0,0,0.0,,MISSING
2024-05-31,True,False,0,0,0.0,,MISSING
2024-06-01,False,False,0,0,0.0,,NEITHER
2024-06-02,False,False,0,0,0.0,,NEITHER
2024-06-03,False,False,0,0,0.0,,NEITHER
2024-06-04,False,False,0,0,0.0,,NEITHER
2024-06-05,False,False,0,0,0.0,,NEITHER
2024-06-06,False,False,0,0,0.0,,NEITHER
2024-06-07,False,False,0,0,0.0,,NEITHER
2024-06-08,False,False,0,0,0.0,,NEITHER
2024-06-09,False,False,0,0,0.0,,NEITHER
2024-06-10,False,False,0,0,0.0,,NEITHER
2024-06-11,False,False,0,0,0.0,,NEITHER
2024-06-12,False,False,0,0,0.0,,NEITHER
2024-06-13,False,False,0,0,0.0,,NEITHER
2024-06-14,False,False,0,0,0.0,,NEITHER
2024-06-15,False,False,0,0,0.0,,NEITHER
2024-06-16,False,False,0,0,0.0,,NEITHER
2024-06-17,False,False,0,0,0.0,,NEITHER
2024-06-18,False,False,0,0,0.0,,NEITHER
2024-06-19,False,False,0,0,0.0,,NEITHER
2024-06-20,False,False,0,0,0.0,,NEITHER
2024-06-21,False,False,0,0,0.0,,NEITHER
2024-06-22,False,False,0,0,0.0,,NEITHER
2024-06-23,False,False,0,0,0.0,,NEITHER
2024-06-24,False,False,0,0,0.0,,NEITHER
2024-06-25,False,False,0,0,0.0,,NEITHER
2024-06-26,False,False,0,0,0.0,,NEITHER
2024-06-27,False,False,0,0,0.0,,NEITHER
2024-06-28,False,False,0,0,0.0,,NEITHER
2024-06-29,False,False,0,0,0.0,,NEITHER
2024-06-30,False,False,0,0,0.0,,NEITHER
2024-07-01,True,True,3,86269,0.9985,00:02-00:00,FULL
2024-07-02,False,True,5,85454,0.9891,00:00-17:43; 17:58-00:00,FULL
2024-07-03,True,True,5,84477,0.9777,00:00-11:59; 12:31-00:00,FULL
2024-07-04,True,True,4,87115,1.0,00:00-23:59,FULL
2024-07-05,True,True,5,85095,0.9849,00:00-11:59; 12:20-00:00,FULL
2024-07-06,True,True,5,85105,0.985,00:00-11:59; 12:20-00:00,FULL
2024-07-07,True,True,6,170916,1.0,00:00-23:59,FULL
2024-07-08,True,True,4,86344,0.9994,00:00-23:59,FULL
2024-07-09,True,False,0,0,0.0,,MISSING
2024-07-10,True,True,3,128891,1.0,00:00-11:59; 12:10-23:59,FULL
2024-07-11,True,True,2,86367,0.9996,00:00-23:59,FULL
2024-07-12,True,True,1,43189,0.4999,12:00-23:59,PARTIAL
2024-07-13,True,True,2,85748,0.9925,00:00-11:59; 12:10-23:59,FULL
2024-07-14,True,True,3,96026,1.0,00:00-23:59,FULL
2024-07-15,True,True,1,43178,0.4997,00:00-11:59,PARTIAL
2024-07-16,True,True,3,86374,0.9997,00:00-00:00,FULL
2024-07-17,True,True,2,86382,0.9998,00:00-23:59,FULL
2024-07-18,True,True,2,86984,1.0,00:00-23:59,FULL
2024-07-19,True,True,2,86369,0.9996,00:00-23:59,FULL
2024-07-20,True,True,1,43181,0.4998,00:00-11:59,PARTIAL
2024-07-21,True,True,2,86372,0.9997,00:00-23:59,FULL
2024-07-22,True,True,1,43177,0.4997,00:00-11:59,PARTIAL
2024-07-23,True,False,0,0,0.0,,MISSING
2024-07-24,True,True,3,129494,1.0,00:00-23:59,FULL
2024-07-25,True,True,5,167465,1.0,00:01-23:59,FULL
2024-07-26,True,True,3,87266,1.0,00:00-23:59,FULL
2024-07-27,True,True,3,127297,1.0,00:00-23:59,FULL
2024-07-28,True,True,3,86338,0.9993,00:00-23:59,FULL
2024-07-29,True,True,3,86372,0.9997,00:00-00:00,FULL
2024-07-30,True,True,3,85134,0.9853,00:00-11:59; 12:20-00:00,FULL
2024-07-31,True,True,2,86376,0.9997,00:00-23:59,FULL
2024-08-01,True,True,2,86383,0.9998,00:00-23:59,FULL
2024-08-02,True,True,2,86367,0.9996,00:00-23:59,FULL
2024-08-03,True,True,2,85743,0.9924,00:00-11:59; 12:10-23:59,FULL
2024-08-04,True,True,2,86370,0.9997,00:00-23:59,FULL
2024-08-05,True,True,3,86982,1.0,00:00-00:00,FULL
2024-08-06,True,True,3,86386,0.9998,00:00-23:59,FULL
2024-08-07,True,True,2,85743,0.9924,00:00-11:59; 12:10-23:59,FULL
2024-08-08,True,True,2,86374,0.9997,00:00-23:59,FULL
2024-08-09,True,True,2,86982,1.0,00:00-23:59,FULL
2024-08-10,True,True,2,86367,0.9996,00:00-23:59,FULL
2024-08-11,True,True,2,85746,0.9924,00:00-11:59; 12:10-23:59,FULL
2024-08-12,True,True,3,130181,1.0,00:00-23:59,FULL
2024-08-13,True,True,2,86368,0.9996,00:00-23:59,FULL
2024-08-14,True,True,2,86374,0.9997,00:00-23:59,FULL
2024-08-15,True,True,2,86369,0.9996,00:00-23:59,FULL
2024-08-16,True,True,2,86372,0.9997,00:00-23:59,FULL
2024-08-17,True,True,2,86368,0.9996,00:00-23:59,FULL
2024-08-18,True,True,2,86378,0.9997,00:00-23:59,FULL
2024-08-19,True,True,2,86376,0.9997,00:00-23:59,FULL
2024-08-20,True,True,2,86367,0.9996,00:00-23:59,FULL
2024-08-21,True,True,2,85746,0.9924,00:00-11:59; 12:10-23:59,FULL
2024-08-22,True,True,2,86378,0.9997,00:00-23:59,FULL
2024-08-23,True,True,2,86365,0.9996,00:00-23:59,FULL
2024-08-24,True,True,2,85742,0.9924,00:00-11:59; 12:10-23:59,FULL
2024-08-25,True,True,3,86374,0.9997,00:00-00:00,FULL
2024-08-26,True,True,2,86381,0.9998,00:00-23:59,FULL
2024-08-27,True,True,2,86387,0.9998,00:00-23:59,FULL
2024-08-28,True,True,2,86365,0.9996,00:00-23:59,FULL
2024-08-29,False,True,2,41562,0.481,12:00-12:11; 12:38-23:59,PARTIAL
2024-08-30,True,True,2,86369,0.9996,00:00-23:59,FULL
2024-08-31,True,True,2,86373,0.9997,00:00-23:59,FULL
2024-09-01,True,True,2,86383,0.9998,00:00-23:59,FULL
2024-09-02,True,True,2,86374,0.9997,00:00-23:59,FULL
2024-09-03,True,True,2,86372,0.9997,00:00-23:59,FULL
2024-09-04,True,True,2,86373,0.9997,00:00-23:59,FULL
2024-09-05,True,True,2,85742,0.9924,00:00-11:59; 12:10-23:59,FULL
2024-09-06,True,True,2,85745,0.9924,00:00-11:59; 12:10-23:59,FULL
2024-09-07,True,True,3,130160,1.0,00:00-23:59,FULL
2024-09-08,True,True,2,86372,0.9997,00:00-23:59,FULL
2024-09-09,False,False,0,0,0.0,,NEITHER
2024-09-10,True,True,2,86372,0.9997,00:00-23:59,FULL
2024-09-11,True,True,2,86346,0.9994,00:00-00:00,FULL
2024-09-12,True,True,3,86383,0.9998,00:00-23:59,FULL
2024-09-13,True,True,2,86375,0.9997,00:00-23:59,FULL
2024-09-14,True,True,2,86369,0.9996,00:00-23:59,FULL
2024-09-15,True,True,2,86373,0.9997,00:00-23:59,FULL
2024-09-16,True,True,2,86377,0.9997,00:00-23:59,FULL
2024-09-17,True,True,2,86376,0.9997,00:00-23:59,FULL
2024-09-18,True,True,2,86977,1.0,00:00-23:59,FULL
2024-09-19,True,True,2,86374,0.9997,00:00-23:59,FULL
2024-09-20,True,True,2,86366,0.9996,00:00-23:59,FULL
2024-09-21,True,True,2,86373,0.9997,00:00-23:59,FULL
2024-09-22,True,True,2,86378,0.9997,00:00-23:59,FULL
2024-09-23,True,True,2,85744,0.9924,00:00-11:59; 12:10-23:59,FULL
2024-09-24,False,True,2,83874,0.9708,12:10-23:59,FULL
2024-09-25,True,True,2,86371,0.9997,00:00-23:59,FULL
2024-09-26,True,True,2,86365,0.9996,00:00-23:59,FULL
2024-09-27,True,True,1,43192,0.4999,12:00-23:59,PARTIAL
2024-09-28,True,True,2,86372,0.9997,00:00-23:59,FULL
2024-09-29,True,True,2,86365,0.9996,00:00-23:59,FULL
2024-09-30,True,True,2,86381,0.9998,00:00-00:00,FULL
2024-10-01,True,True,3,86372,0.9997,00:00-23:59,FULL
2024-10-02,True,True,2,86372,0.9997,00:00-23:59,FULL
2024-10-03,True,True,2,86371,0.9997,00:00-23:59,FULL
2024-10-04,True,True,2,86369,0.9996,00:00-23:59,FULL
2024-10-05,True,True,2,86973,1.0,00:00-23:59,FULL
2024-10-06,True,True,2,86367,0.9996,00:00-23:59,FULL
2024-10-07,True,True,2,86375,0.9997,00:00-23:59,FULL
2024-10-08,True,True,2,86368,0.9996,00:00-23:59,FULL
2024-10-09,True,True,2,85761,0.9926,00:00-11:59; 12:10-00:00,FULL
2024-10-10,True,True,3,86992,1.0,00:00-23:59,FULL
2024-10-11,True,True,2,86371,0.9997,00:00-23:59,FULL
2024-10-12,False,False,0,0,0.0,,NEITHER
2024-10-13,True,True,2,85750,0.9925,00:00-11:59; 12:10-23:59,FULL
2024-10-14,True,True,2,86367,0.9996,00:00-23:59,FULL
2024-10-15,True,True,2,86974,1.0,00:00-23:59,FULL
2024-10-16,True,True,2,85127,0.9853,00:00-11:59; 12:20-23:59,FULL
2024-10-17,True,True,2,86367,0.9996,00:00-23:59,FULL
2024-10-18,True,True,2,86370,0.9997,00:00-23:59,FULL
2024-10-19,True,True,2,86971,1.0,00:00-23:59,FULL
2024-10-20,True,True,2,86368,0.9996,00:00-23:59,FULL
2024-10-21,True,True,2,86371,0.9997,00:00-23:59,FULL
2024-10-22,True,True,4,131867,1.0,00:00-00:00,FULL
2024-10-23,True,True,3,130174,1.0,00:00-23:59,FULL
2024-10-24,True,True,2,86369,0.9996,00:00-23:59,FULL
2024-10-25,True,True,2,86381,0.9998,00:00-23:59,FULL
2024-10-26,True,True,2,86376,0.9997,00:00-23:59,FULL
2024-10-27,True,True,3,86158,0.9972,00:00-07:57; 08:01-00:00,FULL
2024-10-28,True,True,2,86390,0.9999,00:00-23:59,FULL
2024-10-29,True,True,2,86383,0.9998,00:00-23:59,FULL
2024-10-30,True,True,2,85753,0.9925,00:00-11:59; 12:10-23:59,FULL
2024-10-31,True,True,3,86372,0.9997,00:00-00:00,FULL
2024-11-01,True,True,2,86384,0.9998,00:00-23:59,FULL
2024-11-02,True,True,2,86361,0.9995,00:00-23:59,FULL
2024-11-03,True,True,3,86376,0.9997,00:00-00:00,FULL
2024-11-04,True,True,2,86376,0.9997,00:00-23:59,FULL
2024-11-05,True,True,2,86373,0.9997,00:00-23:59,FULL
2024-11-06,False,True,1,43187,0.4998,12:00-23:59,PARTIAL
2024-11-07,True,True,2,85756,0.9925,00:00-11:59; 12:10-23:59,FULL
2024-11-08,True,True,2,86383,0.9998,00:00-23:59,FULL
2024-11-09,True,True,2,86371,0.9997,00:00-23:59,FULL
2024-11-10,True,True,2,85747,0.9924,00:00-11:59; 12:10-23:59,FULL
2024-11-11,True,True,2,86370,0.9997,00:00-23:59,FULL
2024-11-12,True,True,2,86365,0.9996,00:00-23:59,FULL
2024-11-13,True,True,2,86370,0.9997,00:00-23:59,FULL
2024-11-14,True,True,2,86367,0.9996,00:00-23:59,FULL
2024-11-15,True,True,2,86370,0.9997,00:00-23:59,FULL
2024-11-16,True,True,2,89449,1.0,00:00-23:59,FULL
2024-11-17,True,True,3,92540,1.0,00:00-00:00,FULL
2024-11-18,True,True,4,175209,1.0,00:00-23:59,FULL
2024-11-19,True,True,3,86371,0.9997,00:00-00:00,FULL
2024-11-20,True,True,2,85757,0.9926,00:00-11:59; 12:10-23:59,FULL
2024-11-21,True,True,2,86374,0.9997,00:00-00:00,FULL
2024-11-22,True,True,3,86391,0.9999,00:00-00:00,FULL
2024-11-23,True,True,3,86370,0.9997,00:00-23:59,FULL
2024-11-24,True,True,2,86363,0.9996,00:00-23:59,FULL
2024-11-25,True,True,2,85746,0.9924,00:00-11:59; 12:10-23:59,FULL
2024-11-26,True,True,2,86369,0.9996,00:00-23:59,FULL
2024-11-27,True,True,2,85749,0.9925,00:00-11:59; 12:10-23:59,FULL
2024-11-28,True,True,2,85742,0.9924,00:00-11:59; 12:10-23:59,FULL
2024-11-29,True,True,2,86370,0.9997,00:00-23:59,FULL
2024-11-30,True,True,2,86370,0.9997,00:00-23:59,FULL
2024-12-01,True,True,2,86372,0.9997,00:00-23:59,FULL
2024-12-02,True,True,2,86372,0.9997,00:00-23:59,FULL
2024-12-03,True,True,2,86974,1.0,00:00-23:59,FULL
2024-12-04,True,True,2,85740,0.9924,00:00-11:59; 12:10-23:59,FULL
2024-12-05,True,True,2,85743,0.9924,00:00-11:59; 12:10-23:59,FULL
2024-12-06,True,True,2,86369,0.9996,00:00-23:59,FULL
2024-12-07,True,True,3,130160,1.0,00:00-23:59,FULL
2024-12-08,True,True,2,86380,0.9998,00:00-23:59,FULL
2024-12-09,True,True,2,86368,0.9996,00:00-23:59,FULL
2024-12-10,True,True,3,122636,1.0,00:00-11:59; 12:10-23:59,FULL
2024-12-11,True,True,2,86364,0.9996,00:00-23:59,FULL
2024-12-12,True,True,2,86370,0.9997,00:00-23:59,FULL
2024-12-13,True,True,2,86367,0.9996,00:00-23:59,FULL
2024-12-14,True,True,2,86366,0.9996,00:00-23:59,FULL
2024-12-15,True,True,2,86363,0.9996,00:00-23:59,FULL
2024-12-16,True,True,2,86362,0.9996,00:00-23:59,FULL
2024-12-17,True,True,2,86372,0.9997,00:00-23:59,FULL
2024-12-18,True,True,2,87573,1.0,00:00-23:59,FULL
2024-12-19,True,True,3,86373,0.9997,00:00-00:00,FULL
2024-12-20,True,True,2,86380,0.9998,00:00-23:59,FULL
2024-12-21,True,True,2,86372,0.9997,00:00-23:59,FULL
2024-12-22,False,True,2,86377,0.9997,00:00-23:59,FULL
2024-12-23,False,True,2,86370,0.9997,00:00-23:59,FULL
2024-12-24,True,True,2,86369,0.9996,00:00-23:59,FULL
2024-12-25,True,True,2,98038,1.0,00:00-23:59,FULL
2024-12-26,False,True,2,86978,1.0,00:00-23:59,FULL
2024-12-27,False,True,2,85738,0.9923,00:00-11:59; 12:10-23:59,FULL
2024-12-28,True,True,2,86370,0.9997,00:00-23:59,FULL
2024-12-29,True,True,2,86980,1.0,00:00-23:59,FULL
2024-12-30,True,True,2,86985,1.0,00:00-23:59,FULL
2024-12-31,True,True,2,85740,0.9924,00:00-11:59; 12:10-23:59,FULL
2025-01-01,True,True,2,86366,0.9996,00:00-23:59,FULL
2025-01-02,True,True,3,131354,1.0,00:00-23:59,FULL
2025-01-03,True,True,2,86375,0.9997,00:00-00:00,FULL
2025-01-04,True,True,4,86378,0.9997,00:00-00:00,FULL
2025-01-05,True,True,2,86987,1.0,00:00-23:59,FULL
2025-01-06,True,True,2,85745,0.9924,00:00-11:59; 12:10-23:59,FULL
2025-01-07,True,True,2,86368,0.9996,00:00-23:59,FULL
2025-01-08,True,True,2,85738,0.9923,00:00-11:59; 12:10-23:59,FULL
2025-01-09,True,True,2,86373,0.9997,00:00-23:59,FULL
2025-01-10,True,True,2,86385,0.9998,00:00-23:59,FULL
2025-01-11,True,True,2,86366,0.9996,00:00-23:59,FULL
2025-01-12,False,True,3,86982,1.0,00:00-00:00,FULL
2025-01-13,False,True,3,130164,1.0,00:00-23:59,FULL
2025-01-14,True,True,2,86368,0.9996,00:00-23:59,FULL
2025-01-15,True,True,2,86366,0.9996,00:00-23:59,FULL
2025-01-16,True,True,2,85747,0.9924,00:00-11:59; 12:10-23:59,FULL
2025-01-17,True,True,2,86368,0.9996,00:00-23:59,FULL
2025-01-18,True,True,2,85744,0.9924,00:00-11:59; 12:10-23:59,FULL
2025-01-19,True,True,2,86372,0.9997,00:00-23:59,FULL
2025-01-20,True,True,2,86369,0.9996,00:00-23:59,FULL
2025-01-21,False,True,2,86373,0.9997,00:00-23:59,FULL
2025-01-22,True,True,2,86369,0.9996,00:00-23:59,FULL
2025-01-23,True,True,2,85746,0.9924,00:00-11:59; 12:10-23:59,FULL
2025-01-24,True,True,2,86377,0.9997,00:00-23:59,FULL
2025-01-25,True,True,2,86366,0.9996,00:00-23:59,FULL
2025-01-26,True,True,2,86367,0.9996,00:00-23:59,FULL
2025-01-27,False,True,3,129556,1.0,00:00-23:59,FULL
2025-01-28,True,True,2,86977,1.0,00:00-23:59,FULL
2025-01-29,False,True,2,86369,0.9996,00:00-23:59,FULL
2025-01-30,False,True,4,94407,1.0,00:00-23:59,FULL
2025-01-31,True,True,2,86369,0.9996,00:00-23:59,FULL
2025-02-01,True,True,2,86980,1.0,00:00-23:59,FULL
2025-02-02,True,True,2,86386,0.9998,00:00-23:59,FULL
2025-02-03,False,True,2,85851,0.9936,00:00-11:59; 12:08-23:59,FULL
2025-02-04,False,True,1,43178,0.4997,00:00-11:59,PARTIAL
2025-02-05,False,True,2,85748,0.9925,00:00-11:59; 12:10-23:59,FULL
2025-02-06,False,True,2,86974,1.0,00:00-23:59,FULL
2025-02-07,False,True,2,86367,0.9996,00:00-23:59,FULL
2025-02-08,True,True,2,86369,0.9996,00:00-23:59,FULL
2025-02-09,True,True,2,86365,0.9996,00:00-23:59,FULL
2025-02-10,True,True,2,86369,0.9996,00:00-23:59,FULL
2025-02-11,True,True,2,86979,1.0,00:00-23:59,FULL
2025-02-12,True,True,2,86387,0.9998,00:00-23:59,FULL
2025-02-13,True,True,2,86369,0.9996,00:00-23:59,FULL
2025-02-14,True,True,2,86374,0.9997,00:00-23:59,FULL
2025-02-15,True,True,2,86368,0.9996,00:00-23:59,FULL
2025-02-16,True,True,2,86980,1.0,00:00-23:59,FULL
2025-02-17,True,True,2,86368,0.9996,00:00-23:59,FULL
2025-02-18,True,True,2,86981,1.0,00:00-23:59,FULL
2025-02-19,True,True,2,86368,0.9996,00:00-23:59,FULL
2025-02-20,True,True,1,43178,0.4997,00:00-11:59,PARTIAL
2025-02-21,True,True,2,86973,1.0,00:00-23:59,FULL
2025-02-22,True,True,2,86366,0.9996,00:00-23:59,FULL
2025-02-23,True,True,2,86374,0.9997,00:00-23:59,FULL
2025-02-24,True,True,2,86380,0.9998,00:00-23:59,FULL
2025-02-25,True,True,2,86376,0.9997,00:00-23:59,FULL
2025-02-26,True,True,2,86373,0.9997,00:00-23:59,FULL
2025-02-27,True,True,2,86372,0.9997,00:00-23:59,FULL
2025-02-28,True,True,2,86369,0.9996,00:00-23:59,FULL
2025-03-01,True,True,2,85742,0.9924,00:00-11:59; 12:10-23:59,FULL
2025-03-02,False,True,1,43188,0.4999,12:00-23:59,PARTIAL
2025-03-03,True,True,1,43179,0.4998,00:00-11:59,PARTIAL
2025-03-04,True,True,1,43191,0.4999,12:00-23:59,PARTIAL
2025-03-05,False,True,1,43182,0.4998,00:00-11:59,PARTIAL
2025-03-06,True,True,1,43189,0.4999,12:00-23:59,PARTIAL
2025-03-07,True,True,1,43172,0.4997,00:00-11:59,PARTIAL
2025-03-08,True,True,2,86366,0.9996,00:00-23:59,FULL
2025-03-09,True,True,2,86978,1.0,00:00-23:59,FULL
2025-03-10,True,True,2,86970,1.0,00:00-23:59,FULL
2025-03-11,True,True,1,43188,0.4999,12:00-23:59,PARTIAL
2025-03-12,True,True,1,43177,0.4997,00:00-11:59,PARTIAL
2025-03-13,True,False,0,0,0.0,,MISSING
2025-03-14,False,True,2,85747,0.9924,12:00-23:59,FULL
2025-03-15,True,True,2,86373,0.9997,00:00-23:59,FULL
2025-03-16,False,True,1,43180,0.4998,00:00-11:59,PARTIAL
2025-03-17,True,True,1,43185,0.4998,12:00-23:59,PARTIAL
2025-03-18,True,True,1,43183,0.4998,12:00-23:59,PARTIAL
2025-03-19,True,True,1,43191,0.4999,12:00-23:59,PARTIAL
2025-03-20,True,True,3,86373,0.9997,00:00-00:00,FULL
2025-03-21,False,True,1,43186,0.4998,00:00-11:59,PARTIAL
2025-03-22,True,True,1,43789,0.5068,11:50-23:59,PARTIAL
2025-03-23,True,True,2,43192,0.4999,12:00-00:00,PARTIAL
2025-03-24,True,True,2,85757,0.9926,00:00-11:59; 12:10-23:59,FULL
2025-03-25,True,True,1,43188,0.4999,12:00-23:59,PARTIAL
2025-03-26,True,True,1,5,0.0001,23:59-00:00,PARTIAL
2025-03-27,True,True,2,86990,1.0,00:00-23:59,FULL
2025-03-28,True,True,1,43172,0.4997,00:00-11:59,PARTIAL
2025-03-29,True,True,1,43188,0.4999,00:00-11:59,PARTIAL
2025-03-30,True,True,2,86374,0.9997,00:00-23:59,FULL
2025-03-31,True,True,2,86385,0.9998,00:00-00:00,FULL
2025-04-01,True,True,3,85139,0.9854,00:00-11:59; 12:20-23:59,FULL
2025-04-02,True,True,2,86372,0.9997,00:00-23:59,FULL
2025-04-03,True,True,2,86385,0.9998,00:00-23:59,FULL
2025-04-04,True,True,2,86371,0.9997,00:00-23:59,FULL
2025-04-05,True,True,2,86370,0.9997,00:00-23:59,FULL
2025-04-06,False,True,1,43184,0.4998,00:00-11:59,PARTIAL
2025-04-07,False,True,2,86371,0.9997,00:00-23:59,FULL
2025-04-08,True,True,2,86369,0.9996,00:00-23:59,FULL
2025-04-09,True,True,2,86371,0.9997,00:00-23:59,FULL
2025-04-10,True,True,2,86372,0.9997,00:00-23:59,FULL
2025-04-11,True,True,2,86363,0.9996,00:00-23:59,FULL
2025-04-12,True,True,2,86976,1.0,00:00-23:59,FULL
2025-04-13,True,True,2,85742,0.9924,00:00-11:59; 12:10-23:59,FULL
2025-04-14,True,True,1,43182,0.4998,00:00-11:59,PARTIAL
2025-04-15,True,False,0,0,0.0,,MISSING
2025-04-16,False,False,0,0,0.0,,NEITHER
2025-04-17,True,False,0,0,0.0,,MISSING
2025-04-18,True,False,0,0,0.0,,MISSING
2025-04-19,True,False,0,0,0.0,,MISSING
2025-04-20,True,False,0,0,0.0,,MISSING
2025-04-21,True,False,0,0,0.0,,MISSING
2025-04-22,True,False,0,0,0.0,,MISSING
2025-04-23,True,False,0,0,0.0,,MISSING
2025-04-24,True,False,0,0,0.0,,MISSING
2025-04-25,True,False,0,0,0.0,,MISSING
2025-04-26,True,False,0,0,0.0,,MISSING
2025-04-27,True,False,0,0,0.0,,MISSING
2025-04-28,False,False,0,0,0.0,,NEITHER
2025-04-29,False,False,0,0,0.0,,NEITHER
2025-04-30,True,False,0,0,0.0,,MISSING
2025-05-01,False,False,0,0,0.0,,NEITHER
2025-05-02,False,False,0,0,0.0,,NEITHER
2025-05-03,True,False,0,0,0.0,,MISSING
2025-05-04,True,False,0,0,0.0,,MISSING
2025-05-05,False,False,0,0,0.0,,NEITHER
2025-05-06,False,False,0,0,0.0,,NEITHER
2025-05-07,True,False,0,0,0.0,,MISSING
2025-05-08,True,False,0,0,0.0,,MISSING
2025-05-09,True,False,0,0,0.0,,MISSING
2025-05-10,True,False,0,0,0.0,,MISSING
2025-05-11,True,False,0,0,0.0,,MISSING
2025-05-12,False,False,0,0,0.0,,NEITHER
2025-05-13,True,False,0,0,0.0,,MISSING
2025-05-14,True,False,0,0,0.0,,MISSING
2025-05-15,False,False,0,0,0.0,,NEITHER
2025-05-16,True,False,0,0,0.0,,MISSING
2025-05-17,True,False,0,0,0.0,,MISSING
2025-05-18,True,False,0,0,0.0,,MISSING
2025-05-19,True,False,0,0,0.0,,MISSING
2025-05-20,False,False,0,0,0.0,,NEITHER
2025-05-21,False,False,0,0,0.0,,NEITHER
2025-05-22,True,False,0,0,0.0,,MISSING
2025-05-23,True,False,0,0,0.0,,MISSING
2025-05-24,True,False,0,0,0.0,,MISSING
2025-05-25,False,False,0,0,0.0,,NEITHER
2025-05-26,True,False,0,0,0.0,,MISSING
2025-05-27,True,False,0,0,0.0,,MISSING
2025-05-28,True,False,0,0,0.0,,MISSING
2025-05-29,True,False,0,0,0.0,,MISSING
2025-05-30,True,False,0,0,0.0,,MISSING
2025-05-31,True,False,0,0,0.0,,MISSING
2025-06-01,True,False,0,0,0.0,,MISSING
2025-06-02,True,False,0,0,0.0,,MISSING
2025-06-03,True,False,0,0,0.0,,MISSING
2025-06-04,True,False,0,0,0.0,,MISSING
2025-06-05,True,False,0,0,0.0,,MISSING
2025-06-06,True,False,0,0,0.0,,MISSING
2025-06-07,False,False,0,0,0.0,,NEITHER
2025-06-08,True,False,0,0,0.0,,MISSING
2025-06-09,True,False,0,0,0.0,,MISSING
2025-06-10,False,False,0,0,0.0,,NEITHER
2025-06-11,False,False,0,0,0.0,,NEITHER
2025-06-12,True,False,0,0,0.0,,MISSING
2025-06-13,True,False,0,0,0.0,,MISSING
2025-06-14,True,False,0,0,0.0,,MISSING
2025-06-15,True,False,0,0,0.0,,MISSING
2025-06-16,True,False,0,0,0.0,,MISSING
2025-06-17,True,False,0,0,0.0,,MISSING
2025-06-18,True,False,0,0,0.0,,MISSING
2025-06-19,True,False,0,0,0.0,,MISSING
2025-06-20,True,False,0,0,0.0,,MISSING
2025-06-21,True,False,0,0,0.0,,MISSING
2025-06-22,False,False,0,0,0.0,,NEITHER
2025-06-23,True,False,0,0,0.0,,MISSING
2025-06-24,False,False,0,0,0.0,,NEITHER
2025-06-25,True,False,0,0,0.0,,MISSING
2025-06-26,True,False,0,0,0.0,,MISSING
2025-06-27,True,False,0,0,0.0,,MISSING
2025-06-28,True,False,0,0,0.0,,MISSING
2025-06-29,True,False,0,0,0.0,,MISSING
2025-06-30,True,False,0,0,0.0,,MISSING
2025-07-01,True,False,0,0,0.0,,MISSING
2025-07-02,False,False,0,0,0.0,,NEITHER
2025-07-03,False,False,0,0,0.0,,NEITHER
2025-07-04,True,False,0,0,0.0,,MISSING
2025-07-05,False,False,0,0,0.0,,NEITHER
2025-07-06,False,False,0,0,0.0,,NEITHER
2025-07-07,True,False,0,0,0.0,,MISSING
2025-07-08,True,False,0,0,0.0,,MISSING
2025-07-09,True,False,0,0,0.0,,MISSING
2025-07-10,True,False,0,0,0.0,,MISSING
2025-07-11,False,False,0,0,0.0,,NEITHER
2025-07-12,False,False,0,0,0.0,,NEITHER
2025-07-13,False,False,0,0,0.0,,NEITHER
2025-07-14,True,False,0,0,0.0,,MISSING
2025-07-15,True,False,0,0,0.0,,MISSING
2025-07-16,True,False,0,0,0.0,,MISSING
2025-07-17,False,False,0,0,0.0,,NEITHER
2025-07-18,True,False,0,0,0.0,,MISSING
2025-07-19,True,True,2,86367,0.9996,00:00-23:59,FULL
2025-07-20,False,False,0,0,0.0,,NEITHER
2025-07-21,False,False,0,0,0.0,,NEITHER
2025-07-22,False,False,0,0,0.0,,NEITHER
2025-07-23,False,False,0,0,0.0,,NEITHER
2025-07-24,False,False,0,0,0.0,,NEITHER
2025-07-25,False,False,0,0,0.0,,NEITHER
2025-07-26,False,False,0,0,0.0,,NEITHER
2025-07-27,False,False,0,0,0.0,,NEITHER
2025-07-28,True,False,0,0,0.0,,MISSING
2025-07-29,True,False,0,0,0.0,,MISSING
2025-07-30,True,False,0,0,0.0,,MISSING
2025-07-31,True,False,0,0,0.0,,MISSING
2025-08-01,True,False,0,0,0.0,,MISSING
2025-08-02,True,False,0,0,0.0,,MISSING
2025-08-03,True,False,0,0,0.0,,MISSING
2025-08-04,True,False,0,0,0.0,,MISSING
2025-08-05,False,False,0,0,0.0,,NEITHER
2025-08-06,True,False,0,0,0.0,,MISSING
2025-08-07,True,True,3,86375,0.9997,00:00-00:00,FULL
2025-08-08,True,True,2,86377,0.9997,00:00-23:59,FULL
2025-08-09,True,True,2,85748,0.9925,00:00-11:59; 12:10-23:59,FULL
2025-08-10,True,True,2,86982,1.0,00:00-23:59,FULL
2025-08-11,True,True,2,86369,0.9996,00:00-23:59,FULL
2025-08-12,True,True,2,86366,0.9996,00:00-23:59,FULL
2025-08-13,True,True,2,86371,0.9997,00:00-23:59,FULL
2025-08-14,False,True,2,42268,0.4892,00:00-01:03; 01:18-11:59,PARTIAL
2025-08-15,False,True,2,86365,0.9996,00:00-23:59,FULL
2025-08-16,True,True,2,86374,0.9997,00:00-23:59,FULL
2025-08-17,True,True,2,86367,0.9996,00:00-23:59,FULL
2025-08-18,True,True,2,86368,0.9996,00:00-23:59,FULL
2025-08-19,True,True,2,86367,0.9996,00:00-23:59,FULL
2025-08-20,True,True,2,85754,0.9925,00:00-11:59; 12:10-23:59,FULL
2025-08-21,True,True,2,86371,0.9997,00:00-23:59,FULL
2025-08-22,True,True,2,86368,0.9996,00:00-23:59,FULL
2025-08-23,False,True,1,43194,0.4999,12:00-00:00,PARTIAL
2025-08-24,True,True,2,85752,0.9925,00:00-11:59; 12:10-23:59,FULL
2025-08-25,True,True,2,86380,0.9998,00:00-23:59,FULL
2025-08-26,False,True,2,86380,0.9998,00:00-23:59,FULL
2025-08-27,True,True,2,86986,1.0,00:00-23:59,FULL
2025-08-28,True,True,2,85745,0.9924,00:00-11:59; 12:10-23:59,FULL
2025-08-29,True,True,2,86369,0.9996,00:00-23:59,FULL
2025-08-30,True,True,2,86362,0.9996,00:00-23:59,FULL
2025-08-31,False,True,2,85745,0.9924,00:00-11:59; 12:10-23:59,FULL
2025-09-01,True,True,2,86368,0.9996,00:00-23:59,FULL
2025-09-02,True,True,2,86370,0.9997,00:00-23:59,FULL
2025-09-03,True,True,2,86366,0.9996,00:00-23:59,FULL
2025-09-04,True,True,2,86372,0.9997,00:00-23:59,FULL
2025-09-05,True,True,2,85750,0.9925,00:00-11:59; 12:10-23:59,FULL
2025-09-06,True,True,2,86365,0.9996,00:00-23:59,FULL
2025-09-07,True,True,2,85740,0.9924,00:00-11:59; 12:10-23:59,FULL
2025-09-08,True,True,2,86368,0.9996,00:00-23:59,FULL
2025-09-09,True,True,2,86369,0.9996,00:00-23:59,FULL
2025-09-10,True,True,3,86379,0.9998,00:00-00:00,FULL
2025-09-11,True,True,2,85753,0.9925,00:00-11:59; 12:10-23:59,FULL
2025-09-12,True,True,2,86368,0.9996,00:00-23:59,FULL
2025-09-13,True,True,2,86376,0.9997,00:00-23:59,FULL
2025-09-14,False,True,2,86366,0.9996,00:00-23:59,FULL
2025-09-15,True,True,2,86367,0.9996,00:00-23:59,FULL
2025-09-16,True,True,2,86369,0.9996,00:00-23:59,FULL
2025-09-17,True,True,2,86368,0.9996,00:00-23:59,FULL
2025-09-18,True,True,3,128958,1.0,00:00-00:00,FULL
2025-09-19,True,True,4,79208,0.9168,00:00-22:00,FULL
2025-09-20,True,True,2,76937,0.8905,02:37-00:00,PARTIAL
2025-09-21,False,True,3,84735,0.9807,00:00-23:32,FULL
2025-09-22,False,True,1,35377,0.4095,02:10-11:59,PARTIAL
2025-09-23,True,True,2,77704,0.8994,02:14-11:59; 12:10-23:59,PARTIAL
2025-09-24,False,True,1,42567,0.4927,12:10-23:59,PARTIAL
2025-09-25,True,True,2,86369,0.9996,00:00-23:59,FULL
2025-09-26,False,True,2,86969,1.0,00:00-23:59,FULL
2025-09-27,False,True,2,86388,0.9999,00:00-23:59,FULL
2025-09-28,False,True,2,85739,0.9923,00:00-11:59; 12:10-23:59,FULL
2025-09-29,False,True,2,86371,0.9997,00:00-23:59,FULL
2025-09-30,True,True,2,86368,0.9996,00:00-23:59,FULL
2025-10-01,True,True,2,86364,0.9996,00:00-23:59,FULL
2025-10-02,True,True,3,86373,0.9997,00:00-00:00,FULL
2025-10-03,True,True,2,85753,0.9925,00:00-11:59; 12:10-23:59,FULL
2025-10-04,True,True,2,85741,0.9924,00:00-11:59; 12:10-23:59,FULL
2025-10-05,True,True,3,130182,1.0,00:00-23:59,FULL
2025-10-06,True,True,3,86372,0.9997,00:00-00:00,FULL
2025-10-07,True,True,2,85756,0.9925,00:00-11:59; 12:10-23:59,FULL
2025-10-08,True,True,2,86365,0.9996,00:00-23:59,FULL
2025-10-09,True,True,2,86371,0.9997,00:00-23:59,FULL
2025-10-10,True,True,2,85745,0.9924,00:00-11:59; 12:10-23:59,FULL
2025-10-11,True,True,2,85744,0.9924,00:00-11:59; 12:10-23:59,FULL
2025-10-12,True,True,2,86976,1.0,00:00-23:59,FULL
2025-10-13,True,True,2,85743,0.9924,00:00-11:59; 12:10-23:59,FULL
2025-10-14,True,True,2,86362,0.9996,00:00-23:59,FULL
2025-10-15,True,True,2,86392,0.9999,00:00-00:00,FULL
2025-10-16,False,True,1,3,0.0,00:00-00:00,PARTIAL
2025-10-17,True,True,2,86394,0.9999,00:00-00:00,FULL
2025-10-18,True,True,3,86396,1.0,00:00-00:00,FULL
2025-10-19,True,True,4,129595,1.0,00:00-00:00,FULL
2025-10-20,True,True,4,86399,1.0,00:00-00:00,FULL
2025-10-21,True,True,3,86378,0.9997,00:00-23:59,FULL
2025-10-22,True,True,2,86370,0.9997,00:00-23:59,FULL
2025-10-23,True,True,2,86372,0.9997,00:00-23:59,FULL
2025-10-24,False,True,2,86367,0.9996,00:00-23:59,FULL
2025-10-25,True,True,2,86981,1.0,00:00-23:59,FULL
2025-10-26,True,True,2,86976,1.0,00:00-23:59,FULL
2025-10-27,True,True,3,86375,0.9997,00:00-00:00,FULL
2025-10-28,True,True,2,86375,0.9997,00:00-23:59,FULL
2025-10-29,False,True,2,86371,0.9997,00:00-23:59,FULL
2025-10-30,False,True,2,86365,0.9996,00:00-23:59,FULL
2025-10-31,True,True,2,86374,0.9997,00:00-23:59,FULL
2025-11-01,True,True,2,86365,0.9996,00:00-23:59,FULL
2025-11-02,True,True,2,86376,0.9997,00:00-23:59,FULL
2025-11-03,True,True,2,86374,0.9997,00:00-23:59,FULL
2025-11-04,True,False,0,0,0.0,,MISSING
2025-11-05,True,False,0,0,0.0,,MISSING
2025-11-06,True,False,0,0,0.0,,MISSING
2025-11-07,True,False,0,0,0.0,,MISSING
2025-11-08,True,False,0,0,0.0,,MISSING
2025-11-09,True,False,0,0,0.0,,MISSING
2025-11-10,True,False,0,0,0.0,,MISSING
2025-11-11,False,False,0,0,0.0,,NEITHER
2025-11-12,True,False,0,0,0.0,,MISSING
2025-11-13,True,False,0,0,0.0,,MISSING
2025-11-14,True,False,0,0,0.0,,MISSING
2025-11-15,True,False,0,0,0.0,,MISSING
2025-11-16,True,False,0,0,0.0,,MISSING
2025-11-17,False,False,0,0,0.0,,NEITHER
2025-11-18,True,False,0,0,0.0,,MISSING
2025-11-19,True,False,0,0,0.0,,MISSING
2025-11-20,True,False,0,0,0.0,,MISSING
2025-11-21,True,False,0,0,0.0,,MISSING
2025-11-22,True,False,0,0,0.0,,MISSING
2025-11-23,True,False,0,0,0.0,,MISSING
2025-11-24,True,False,0,0,0.0,,MISSING
2025-11-25,True,False,0,0,0.0,,MISSING
2025-11-26,True,False,0,0,0.0,,MISSING
2025-11-27,True,False,0,0,0.0,,MISSING
2025-11-28,True,False,0,0,0.0,,MISSING
2025-11-29,True,False,0,0,0.0,,MISSING
2025-11-30,True,False,0,0,0.0,,MISSING
2025-12-01,True,False,0,0,0.0,,MISSING
2025-12-02,True,False,0,0,0.0,,MISSING
2025-12-03,True,False,0,0,0.0,,MISSING
2025-12-04,True,False,0,0,0.0,,MISSING
2025-12-05,True,False,0,0,0.0,,MISSING
2025-12-06,True,False,0,0,0.0,,MISSING
2025-12-07,True,False,0,0,0.0,,MISSING
2025-12-08,True,False,0,0,0.0,,MISSING
2025-12-09,True,False,0,0,0.0,,MISSING
2025-12-10,True,False,0,0,0.0,,MISSING
2025-12-11,True,False,0,0,0.0,,MISSING
2025-12-12,True,False,0,0,0.0,,MISSING
2025-12-13,True,False,0,0,0.0,,MISSING
2025-12-14,True,False,0,0,0.0,,MISSING
2025-12-15,True,False,0,0,0.0,,MISSING
2025-12-16,True,False,0,0,0.0,,MISSING
2025-12-17,True,False,0,0,0.0,,MISSING
2025-12-18,True,True,3,86981,1.0,00:00-00:00,FULL
2025-12-19,True,True,2,86375,0.9997,00:00-23:59,FULL
2025-12-20,True,True,2,86369,0.9996,00:00-23:59,FULL
2025-12-21,True,True,2,86980,1.0,00:00-23:59,FULL
2025-12-22,True,True,2,85739,0.9923,00:00-11:59; 12:10-23:59,FULL
2025-12-23,True,True,2,86982,1.0,00:00-23:59,FULL
2025-12-24,True,True,2,86368,0.9996,00:00-23:59,FULL
2025-12-25,True,True,2,86371,0.9997,00:00-23:59,FULL
2025-12-26,True,True,2,86369,0.9996,00:00-23:59,FULL
2025-12-27,True,True,2,85749,0.9925,00:00-11:59; 12:10-23:59,FULL
2025-12-28,False,True,2,86373,0.9997,00:00-00:00,FULL
2025-12-29,True,True,3,86374,0.9997,00:00-23:59,FULL
2025-12-30,True,True,2,86363,0.9996,00:00-23:59,FULL
2025-12-31,False,True,1,43176,0.4997,00:00-11:59,PARTIAL
2026-01-01,True,True,2,86371,0.9997,00:00-23:59,FULL
2026-01-02,True,True,2,86367,0.9996,00:00-23:59,FULL
2026-01-03,True,True,2,86368,0.9996,00:00-23:59,FULL
2026-01-04,True,True,2,86373,0.9997,00:00-23:59,FULL
2026-01-05,True,True,2,85742,0.9924,00:00-11:59; 12:10-23:59,FULL
2026-01-06,True,True,2,85738,0.9923,00:00-11:59; 12:10-23:59,FULL
2026-01-07,True,True,2,86368,0.9996,00:00-23:59,FULL
2026-01-08,True,True,2,86368,0.9996,00:00-23:59,FULL
2026-01-09,True,True,2,85747,0.9924,00:00-11:59; 12:10-23:59,FULL
2026-01-10,True,True,2,86368,0.9996,00:00-23:59,FULL
2026-01-11,True,True,3,128946,1.0,00:00-23:59,FULL
2026-01-12,True,True,2,86366,0.9996,00:00-23:59,FULL
2026-01-13,True,True,2,86369,0.9996,00:00-23:59,FULL
2026-01-14,True,True,2,86373,0.9997,00:00-23:59,FULL
2026-01-15,True,True,2,86366,0.9996,00:00-23:59,FULL
2026-01-16,True,True,2,86373,0.9997,00:00-23:59,FULL
2026-01-17,True,True,2,86365,0.9996,00:00-23:59,FULL
2026-01-18,True,True,2,86369,0.9996,00:00-23:59,FULL
2026-01-19,True,True,2,86388,0.9999,00:00-23:59,FULL
2026-01-20,True,True,2,86982,1.0,00:00-23:59,FULL
2026-01-21,True,True,2,86370,0.9997,00:00-23:59,FULL
2026-01-22,True,True,2,85740,0.9924,00:00-11:59; 12:10-23:59,FULL
2026-01-23,True,True,2,86979,1.0,00:00-23:59,FULL
2026-01-24,True,True,1,43798,0.5069,11:49-23:59,PARTIAL
2026-01-25,True,True,2,86366,0.9996,00:00-23:59,FULL
2026-01-26,True,True,2,86368,0.9996,00:00-23:59,FULL
2026-01-27,True,True,2,86979,1.0,00:00-23:59,FULL
2026-01-28,True,True,1,43183,0.4998,00:00-11:59,PARTIAL
2026-01-29,True,True,1,43799,0.5069,11:49-23:59,PARTIAL
2026-01-30,True,True,2,86374,0.9997,00:00-23:59,FULL
2026-01-31,True,True,2,86365,0.9996,00:00-23:59,FULL
2026-02-01,True,True,2,86376,0.9997,00:00-00:00,FULL
2026-02-02,True,True,3,86979,1.0,00:00-23:59,FULL
2026-02-03,True,True,2,78397,0.9074,00:00-11:59; 14:13-23:59,FULL
2026-02-04,True,True,2,86364,0.9996,00:00-23:59,FULL
2026-02-05,True,True,2,86368,0.9996,00:00-23:59,FULL
2026-02-06,True,True,3,86983,1.0,00:00-00:00,FULL
2026-02-07,True,True,2,86987,1.0,00:00-23:59,FULL
2026-02-08,True,True,2,86374,0.9997,00:00-23:59,FULL
2026-02-09,True,True,1,43185,0.4998,12:00-23:59,PARTIAL
2026-02-10,True,True,4,68328,0.7908,00:00-00:11; 01:22-01:30; 05:09-11:59; 12:10-23:59,PARTIAL
2026-02-11,True,True,2,85749,0.9925,00:00-11:59; 12:10-23:59,FULL
2026-02-12,True,True,2,86371,0.9997,00:00-23:59,FULL
2026-02-13,False,True,2,86366,0.9996,00:00-23:59,FULL
2026-02-14,True,True,2,86373,0.9997,00:00-23:59,FULL
2026-02-15,True,True,2,85741,0.9924,00:00-11:59; 12:10-23:59,FULL
2026-02-16,True,True,2,86374,0.9997,00:00-23:59,FULL
2026-02-17,False,False,0,0,0.0,,NEITHER
2026-02-18,True,True,2,86349,0.9994,00:00-23:59,FULL
2026-02-19,True,True,2,86363,0.9996,00:00-23:59,FULL
2026-02-20,False,True,2,85741,0.9924,00:00-11:59; 12:10-23:59,FULL
2026-02-21,True,True,2,86369,0.9996,00:00-23:59,FULL
2026-02-22,True,True,3,86983,1.0,00:00-00:00,FULL
2026-02-23,True,True,2,86373,0.9997,00:00-23:59,FULL
2026-02-24,True,True,2,86365,0.9996,00:00-23:59,FULL
2026-02-25,True,True,2,86373,0.9997,00:00-23:59,FULL
2026-02-26,True,True,2,86363,0.9996,00:00-23:59,FULL
2026-02-27,True,True,2,85749,0.9925,00:00-11:59; 12:10-23:59,FULL
2026-02-28,True,True,2,86367,0.9996,00:00-23:59,FULL
2026-03-01,True,True,2,85747,0.9924,00:00-11:59; 12:10-23:59,FULL
2026-03-02,True,True,2,85740,0.9924,00:00-11:59; 12:10-23:59,FULL
2026-03-03,True,True,2,86369,0.9996,00:00-23:59,FULL
2026-03-04,True,True,2,86978,1.0,00:00-23:59,FULL
2026-03-05,True,True,2,86369,0.9996,00:00-23:59,FULL
2026-03-06,True,True,2,86368,0.9996,00:00-23:59,FULL
2026-03-07,True,True,2,86365,0.9996,00:00-23:59,FULL
2026-03-08,True,True,2,86372,0.9997,00:00-23:59,FULL
2026-03-09,True,True,2,85740,0.9924,00:00-11:59; 12:10-23:59,FULL
2026-03-10,True,True,2,86367,0.9996,00:00-23:59,FULL
2026-03-11,True,True,2,86368,0.9996,00:00-23:59,FULL
2026-03-12,True,True,2,86373,0.9997,00:00-23:59,FULL
2026-03-13,True,True,2,85742,0.9924,00:00-11:59; 12:10-23:59,FULL
2026-03-14,True,True,2,86982,1.0,00:00-23:59,FULL
2026-03-15,True,True,3,86982,1.0,00:00-00:00,FULL
2026-03-16,True,True,2,86381,0.9998,00:00-23:59,FULL
2026-03-17,True,True,2,86367,0.9996,00:00-23:59,FULL
2026-03-18,True,True,2,86368,0.9996,00:00-23:59,FULL
2026-03-19,True,True,2,86981,1.0,00:00-23:59,FULL
2026-03-20,True,True,2,85744,0.9924,00:00-11:59; 12:10-23:59,FULL
2026-03-21,True,True,2,86365,0.9996,00:00-23:59,FULL
2026-03-22,True,True,2,86371,0.9997,00:00-23:59,FULL
2026-03-23,True,True,2,86331,0.9992,00:00-23:59,FULL
2026-03-24,True,True,2,86371,0.9997,00:00-23:59,FULL
2026-03-25,True,True,2,86360,0.9995,00:00-23:59,FULL
2026-03-26,True,True,2,86382,0.9998,00:00-23:59,FULL
2026-03-27,True,True,2,86973,1.0,00:00-23:59,FULL
2026-03-28,True,True,2,86369,0.9996,00:00-23:59,FULL
2026-03-29,True,True,2,86375,0.9997,00:00-23:59,FULL
2026-03-30,True,True,2,86363,0.9996,00:00-23:59,FULL
2026-03-31,True,True,2,86979,1.0,00:00-23:59,FULL
2026-04-01,True,True,2,86371,0.9997,00:00-23:59,FULL
2026-04-02,True,True,2,86365,0.9996,00:00-23:59,FULL
2026-04-03,True,True,2,86374,0.9997,00:00-23:59,FULL
2026-04-04,True,True,2,86366,0.9996,00:00-23:59,FULL
2026-04-05,True,True,2,86364,0.9996,00:00-23:59,FULL
2026-04-06,True,True,2,86374,0.9997,00:00-23:59,FULL
2026-04-07,True,True,3,86373,0.9997,00:00-00:00,FULL
2026-04-08,True,True,2,86378,0.9997,00:00-23:59,FULL
2026-04-09,True,True,2,86367,0.9996,00:00-23:59,FULL
2026-04-10,True,True,2,86370,0.9997,00:00-23:59,FULL
2026-04-11,True,True,2,86368,0.9996,00:00-23:59,FULL
2026-04-12,True,True,2,86974,1.0,00:00-23:59,FULL
2026-04-13,True,True,2,85748,0.9925,00:00-11:59; 12:10-23:59,FULL
2026-04-14,True,True,2,85748,0.9925,00:00-11:59; 12:10-23:59,FULL
2026-04-15,True,True,2,85746,0.9924,00:00-11:59; 12:10-23:59,FULL
2026-04-16,False,False,0,0,0.0,,NEITHER
2026-04-17,False,True,2,86371,0.9997,00:00-23:59,FULL
2026-04-18,True,True,2,86363,0.9996,00:00-23:59,FULL
2026-04-19,True,True,2,86366,0.9996,00:00-23:59,FULL
2026-04-20,True,True,2,85744,0.9924,00:00-11:59; 12:10-23:59,FULL
2026-04-21,True,True,2,85744,0.9924,00:00-11:59; 12:10-23:59,FULL
2026-04-22,True,True,2,43186,0.4998,00:00-11:59; 23:59-00:00,PARTIAL
2026-04-23,False,True,2,86381,0.9998,00:00-23:59,FULL
2026-04-24,True,True,2,86365,0.9996,00:00-23:59,FULL
2026-04-25,True,True,2,85743,0.9924,00:00-11:59; 12:10-23:59,FULL
2026-04-26,True,True,3,130173,1.0,00:00-23:59,FULL
2026-04-27,True,True,2,86977,1.0,00:00-23:59,FULL
2026-04-28,True,True,2,86365,0.9996,00:00-23:59,FULL
2026-04-29,False,True,2,85745,0.9924,00:00-11:59; 12:10-23:59,FULL
2026-04-30,True,True,2,85748,0.9925,00:00-11:59; 12:10-23:59,FULL
2026-05-01,True,True,2,85741,0.9924,00:00-11:59; 12:10-23:59,FULL
2026-05-02,True,True,3,86376,0.9997,00:00-00:00,FULL
2026-05-03,True,True,2,85756,0.9925,00:00-11:59; 12:10-23:59,FULL
2026-05-04,True,True,2,86974,1.0,00:00-23:59,FULL
2026-05-05,True,True,2,86369,0.9996,00:00-23:59,FULL
2026-05-06,True,True,2,86379,0.9998,00:00-23:59,FULL
2026-05-07,True,True,2,86975,1.0,00:00-23:59,FULL
2026-05-08,True,True,2,85749,0.9925,00:00-11:59; 12:10-23:59,FULL
2026-05-09,True,True,2,86366,0.9996,00:00-23:59,FULL
2026-05-10,True,True,2,86371,0.9997,00:00-23:59,FULL
2026-05-11,True,True,2,86364,0.9996,00:00-23:59,FULL
2026-05-12,True,True,2,86365,0.9996,00:00-23:59,FULL
2026-05-13,True,True,2,86368,0.9996,00:00-23:59,FULL
2026-05-14,True,True,2,86365,0.9996,00:00-23:59,FULL
2026-05-15,True,True,2,86366,0.9996,00:00-23:59,FULL
2026-05-16,True,True,2,86366,0.9996,00:00-23:59,FULL
2026-05-17,True,True,2,85744,0.9924,00:00-11:59; 12:10-23:59,FULL
2026-05-18,True,True,2,86368,0.9996,00:00-23:59,FULL
2026-05-19,True,True,2,86371,0.9997,00:00-23:59,FULL
2026-05-20,True,True,2,85739,0.9923,00:00-11:59; 12:10-23:59,FULL
2026-05-21,True,True,2,86372,0.9997,00:00-23:59,FULL
2026-05-22,False,False,0,0,0.0,,NEITHER
2026-05-23,True,True,2,86369,0.9996,00:00-23:59,FULL
2026-05-24,True,True,2,86370,0.9997,00:00-23:59,FULL
2026-05-25,True,True,2,86376,0.9997,00:00-00:00,FULL
2026-05-26,True,True,3,86369,0.9996,00:00-23:59,FULL
2026-05-27,True,True,2,86368,0.9996,00:00-23:59,FULL
2026-05-28,True,True,2,85738,0.9923,00:00-11:59; 12:10-23:59,FULL
2026-05-29,True,True,2,86371,0.9997,00:00-23:59,FULL
2026-05-30,True,True,2,86366,0.9996,00:00-23:59,FULL
2026-05-31,True,True,2,86370,0.9997,00:00-23:59,FULL
2026-06-01,True,True,3,130174,1.0,00:00-23:59,FULL
2026-06-02,True,True,2,86387,0.9998,00:00-23:59,FULL
2026-06-03,True,True,2,86366,0.9996,00:00-23:59,FULL
2026-06-04,False,False,0,0,0.0,,NEITHER
2026-06-05,True,True,2,86366,0.9996,00:00-23:59,FULL
2026-06-06,True,True,2,86372,0.9997,00:00-23:59,FULL
2026-06-07,True,True,2,86370,0.9997,00:00-23:59,FULL
2026-06-08,True,True,2,86982,1.0,00:00-23:59,FULL
2026-06-09,False,True,2,86974,1.0,00:00-23:59,FULL
2026-06-10,True,True,2,85745,0.9924,00:00-11:59; 12:10-23:59,FULL
2026-06-11,True,True,2,86985,1.0,00:00-23:59,FULL
2026-06-12,True,True,2,86369,0.9996,00:00-23:59,FULL
2026-06-13,True,True,2,86371,0.9997,00:00-23:59,FULL
2026-06-14,False,True,3,86370,0.9997,00:00-00:00,FULL
2026-06-15,False,True,2,86375,0.9997,00:00-23:59,FULL
